[1,["20g1ukYUVPvKWKBRznAKo+@f9941","54TknWPwVPqJqeCR+Y/Czo@f9941","95EkngnxZFbYuFpsqVTaFr@f9941","f1KiPEuSRDIqJgPZgkKPHo@f9941","28dl4vBApMZY6M+dC7edhj@f9941","4bp/0KI8VMyIKcppHN+27m@f9941","13N7f+PIBGD4ko+7hrA1Ix@6c48a","20g1ukYUVPvKWKBRznAKo+@6c48a","28dl4vBApMZY6M+dC7edhj@6c48a","40C7dNLj1DuZgaHt8qZ3t2@6c48a","4bp/0KI8VMyIKcppHN+27m@6c48a","54TknWPwVPqJqeCR+Y/Czo@6c48a","95EkngnxZFbYuFpsqVTaFr@6c48a","5bsYyUJcZFn4ftORHW5DH3","f7yxPSxgpEC7t9nR4uPtWU@f9941","fcRfcfnvFNPJ8ks8UZPGuX@f9941","c5AZN/teREFKQlr2T/RqSb","bf0gtBVCRBUYbsQXNf0J5R","a1BvMd2idMLJgZsHF4pElg","baf96EdqBMsLga0mPmmm8Z","40C7dNLj1DuZgaHt8qZ3t2@f9941","13N7f+PIBGD4ko+7hrA1Ix@f9941","f1KiPEuSRDIqJgPZgkKPHo@6c48a","f7yxPSxgpEC7t9nR4uPtWU@6c48a","fcRfcfnvFNPJ8ks8UZPGuX@6c48a"],["node","_spriteFrame","_textureSource","_normalSprite","_hoverSprite","_pressedSprite","_disabledSprite","_parent","_target","_cameraComponent","bestTime","winGame","levelLabel","timerLabel","settingVolumeEffect","settingVolumeBg","settingNode","settingVolumeAll","bgMain","bgNodeValue","playerFault","hardLevel","mediumLevel","easyLevel","rePlay","levelPanel","gameOver","boardNode","gameView","scene","_clip","volumeStart","volumeSelectNode","volumeLose","volumeWinGame"],["cc.SpriteFrame",["cc.Node",["_name","_layer","_active","_id","_objFlags","_components","_lpos","_children","_parent"],-2,9,5,2,1],["cc.Node",["_name","_layer","_active","_components","_lpos","_parent","_children"],0,12,5,1,2],["cc.Sprite",["_sizeMode","_type","node","_spriteFrame","_color"],1,1,6,5],["cc.Button",["_transition","node","_normalColor","_target","clickEvents","_normalSprite","_hoverSprite","_pressedSprite","_disabledSprite"],2,1,5,1,9,6,6,6,6],["cc.Label",["_string","_actualFontSize","_fontSize","_isBold","_overflow","_enableWrapText","node","_color"],-3,1,5],["cc.UITransform",["node","_contentSize"],3,1,5],["cc.AudioClip",["_name","_native","_duration"],0],["cc.SceneAsset",["_name"],2],["cc.Node",["_name","_parent","_components","_lpos"],2,1,2,5],["cc.Canvas",["node","_cameraComponent"],3,1,1],["cc.Widget",["_alignFlags","_left","_right","_top","_bottom","node"],-2,1],["71825sbmsRJJLmlOznizpuZ",["node","gameView","boardNode","gameOver","levelPanel","rePlay","easyLevel","mediumLevel","hardLevel","playerFault","bgNodeValue","bgMain","settingVolumeAll","settingNode","settingVolumeBg","settingVolumeEffect","timerLabel","levelLabel","winGame","bestTime","volumeStart","volumeSelectNode","volumeLose","volumeWinGame"],3,1,1,1,1,1,1,1,1,1,1,1,1,1,1,1,1,1,1,1,1,6,6,6,6],["cc.ClickEvent",["_componentId","handler","target"],1,1],["cc.PageView",["node"],3,1],["cc.AudioSource",["_loop","node","_clip"],2,1,6],["cc.Scene",["_name","_children","_globals"],2,2,4],["cc.SceneGlobals",["ambient","shadows","_skybox","fog","octree","lightProbeInfo"],3,4,4,4,4,4,4],["cc.AmbientInfo",["_skyColorHDR","_groundAlbedoHDR"],3,5,5],["cc.ShadowsInfo",["_shadowColor","_size"],3,5,5],["cc.SkyboxInfo",[],3],["cc.FogInfo",[],3],["cc.OctreeInfo",[],3],["cc.LightProbeInfo",[],3],["cc.Camera",["_projection","_orthoHeight","_near","_visibility","node","_color"],-1,1,5],["4b0c4GCCFJBRrlINHLza3Pw",["node","startGame"],3,1,1],["cc.Slider",["_progress","node","slideEvents","_handle"],2,1,9,1]],[[6,0,1,1],[6,0,1],[13,0,1,2,3],[5,0,1,2,6,7,4],[1,0,1,8,5,3],[1,0,1,8,5,6,3],[3,1,0,2,4,3,3],[5,0,1,2,4,5,6,7,6],[1,0,1,8,7,5,6,3],[2,0,1,5,3,4,3],[7,0,1,2,4],[1,0,1,8,7,5,3],[2,0,1,5,6,3,4,3],[3,0,2,2],[3,0,2,3,2],[4,0,1,4,2,3,2],[3,1,0,2,3,3],[4,0,1,4,2,3,5,6,7,8,2],[5,0,1,2,3,6,7,5],[1,0,1,7,5,6,3],[1,0,2,1,8,7,5,6,4],[1,0,4,1,8,5,6,4],[2,0,2,1,5,3,4,4],[4,1,2,3,5,1],[14,0,1],[26,0,1,2,3,2],[8,0,2],[1,0,1,3,7,5,6,4],[1,0,2,1,7,5,6,4],[2,0,1,6,3,4,3],[2,0,1,3,4,3],[2,0,1,5,3,3],[9,0,1,2,3,2],[10,0,1,1],[11,0,1,2,3,4,5,6],[12,0,1,2,3,4,5,6,7,8,9,10,11,12,13,14,15,16,17,18,19,20,21,22,23,1],[15,0,1,2,2],[16,0,1,2,2],[17,0,1,2,3,4,5,1],[18,0,1,1],[19,0,1,1],[20,1],[21,1],[22,1],[23,1],[24,0,1,2,3,4,5,5],[25,0,1,1]],[[[{"name":"ValueBoard","rect":{"x":0,"y":0,"width":117,"height":116},"offset":{"x":0,"y":0},"originalSize":{"width":117,"height":116},"rotated":false,"capInsets":[0,0,0,0],"vertices":{"rawPosition":[-58.5,-58,0,58.5,-58,0,-58.5,58,0,58.5,58,0],"indexes":[0,1,2,2,1,3],"uv":[0,116,117,116,0,0,117,0],"nuv":[0,0,1,0,0,1,1,1],"minPos":{"x":-58.5,"y":-58,"z":0},"maxPos":{"x":58.5,"y":58,"z":0}},"packable":true,"pixelsToUnit":100,"pivot":{"x":0.5,"y":0.5},"meshType":0}],[0],0,[0],[2],[6]],[[{"name":"default_btn_normal","rect":{"x":0,"y":0,"width":40,"height":40},"offset":{"x":0,"y":0},"originalSize":{"width":40,"height":40},"rotated":false,"capInsets":[12,12,12,12],"vertices":{"rawPosition":[-20,-20,0,20,-20,0,-20,20,0,20,20,0],"indexes":[0,1,2,2,1,3],"uv":[0,40,40,40,0,0,40,0],"nuv":[0,0,1,0,0,1,1,1],"minPos":{"x":-20,"y":-20,"z":0},"maxPos":{"x":20,"y":20,"z":0}},"packable":true,"pixelsToUnit":100,"pivot":{"x":0.5,"y":0.5},"meshType":0}],[0],0,[0],[2],[7]],[[{"name":"default_scrollbar_bg","rect":{"x":0,"y":0,"width":30,"height":15},"offset":{"x":0,"y":0},"originalSize":{"width":30,"height":15},"rotated":false,"capInsets":[10,4,10,4],"vertices":{"rawPosition":[-15,-7.5,0,15,-7.5,0,-15,7.5,0,15,7.5,0],"indexes":[0,1,2,2,1,3],"uv":[0,15,30,15,0,0,30,0],"nuv":[0,0,1,0,0,1,1,1],"minPos":{"x":-15,"y":-7.5,"z":0},"maxPos":{"x":15,"y":7.5,"z":0}},"packable":true,"pixelsToUnit":100,"pivot":{"x":0.5,"y":0.5},"meshType":0}],[0],0,[0],[2],[8]],[[{"name":"BgWhite","rect":{"x":0,"y":0,"width":800,"height":600},"offset":{"x":0,"y":0},"originalSize":{"width":800,"height":600},"rotated":false,"capInsets":[0,0,0,0],"vertices":{"rawPosition":[-400,-300,0,400,-300,0,-400,300,0,400,300,0],"indexes":[0,1,2,2,1,3],"uv":[0,600,800,600,0,0,800,0],"nuv":[0,0,1,0,0,1,1,1],"minPos":{"x":-400,"y":-300,"z":0},"maxPos":{"x":400,"y":300,"z":0}},"packable":true,"pixelsToUnit":100,"pivot":{"x":0.5,"y":0.5},"meshType":0}],[0],0,[0],[2],[9]],[[{"name":"setting","rect":{"x":128,"y":129,"width":769,"height":769},"offset":{"x":0.5,"y":-1.5},"originalSize":{"width":1024,"height":1024},"rotated":false,"capInsets":[0,0,0,0],"vertices":{"rawPosition":[-384.5,-384.5,0,384.5,-384.5,0,-384.5,384.5,0,384.5,384.5,0],"indexes":[0,1,2,2,1,3],"uv":[128,895,897,895,128,126,897,126],"nuv":[0.125,0.123046875,0.8759765625,0.123046875,0.125,0.8740234375,0.8759765625,0.8740234375],"minPos":{"x":-384.5,"y":-384.5,"z":0},"maxPos":{"x":384.5,"y":384.5,"z":0}},"packable":true,"pixelsToUnit":100,"pivot":{"x":0.5,"y":0.5},"meshType":0}],[0],0,[0],[2],[10]],[[{"name":"default_btn_pressed","rect":{"x":0,"y":0,"width":40,"height":40},"offset":{"x":0,"y":0},"originalSize":{"width":40,"height":40},"rotated":false,"capInsets":[12,12,12,12],"vertices":{"rawPosition":[-20,-20,0,20,-20,0,-20,20,0,20,20,0],"indexes":[0,1,2,2,1,3],"uv":[0,40,40,40,0,0,40,0],"nuv":[0,0,1,0,0,1,1,1],"minPos":{"x":-20,"y":-20,"z":0},"maxPos":{"x":20,"y":20,"z":0}},"packable":true,"pixelsToUnit":100,"pivot":{"x":0.5,"y":0.5},"meshType":0}],[0],0,[0],[2],[11]],[[[10,"SudoKuBackgroundMusic",".mp3",156.604063],-1],0,0,[],[],[]],[[{"name":"default_btn_disabled","rect":{"x":0,"y":0,"width":40,"height":40},"offset":{"x":0,"y":0},"originalSize":{"width":40,"height":40},"rotated":false,"capInsets":[12,12,12,12],"vertices":{"rawPosition":[-20,-20,0,20,-20,0,-20,20,0,20,20,0],"indexes":[0,1,2,2,1,3],"uv":[0,40,40,40,0,0,40,0],"nuv":[0,0,1,0,0,1,1,1],"minPos":{"x":-20,"y":-20,"z":0},"maxPos":{"x":20,"y":20,"z":0}},"packable":true,"pixelsToUnit":100,"pivot":{"x":0.5,"y":0.5},"meshType":0}],[0],0,[0],[2],[12]],[[[26,"MainGame"],[27,"Canvas",33554432,"beI88Z2HpFELqR4T5EMHpg",[-5,-6,-7,-8,-9,-10,-11,-12,-13,-14],[[0,-1,[5,960,600]],[33,-3,-2],[34,45,5.684341886080802e-14,5.684341886080802e-14,5.684341886080802e-14,5.684341886080802e-14,-4]],[1,480.00000000000006,300.00000000000006,0]],[4,"GameController",33554432,1,[[1,-15],[35,-35,-34,-33,-32,-31,-30,-29,-28,-27,-26,-25,-24,-23,-22,-21,-20,-19,-18,-17,-16,13,14,15,16]]],[19,"LevelBoard",33554432,[-38,-39,-40,-41],[[0,-36,[5,205.6,308.57899999999995]],[13,0,-37]],[1,279.632,-57.92,0]],[28,"SettingVolume",false,33554432,[-44,-45,-46,-47],[[0,-42,[5,494.22,398.34299999999996]],[14,0,-43,26]],[1,-5.684341886080802e-14,-18.37400000000008,0]],[11,"Background",33554432,1,[-49,-50,-51,-52,-53],[[1,-48]]],[19,"PlayGameButton",33554432,[-58],[[0,-54,[5,186.92100000000002,90.147]],[6,1,0,-55,[4,4284966865],3],[17,2,-57,[[2,"71825sbmsRJJLmlOznizpuZ","startGamePlayer",2]],[4,4292269782],-56,4,5,6,7]],[1,355.20599999999996,-123.73100000000005,0]],[20,"GameOver",false,33554432,1,[-62],[[0,-59,[5,426,304]],[24,-60],[14,0,-61,9]],[1,4,-10,0]],[29,"ButtonReplay",33554432,[-66],[[[0,-63,[5,150,60]],[6,1,0,-64,[4,4289045984],8],-65],4,4,1],[1,0,-130,0]],[12,"ButtonEasy",33554432,3,[-70],[[[0,-67,[5,120,50]],[6,1,0,-68,[4,4288190666],10],-69],4,4,1],[1,0,47.542,0]],[12,"ButtonMedium",33554432,3,[-74],[[[0,-71,[5,120,50]],[6,1,0,-72,[4,4288190666],11],-73],4,4,1],[1,0,-27.94399999999999,0]],[12,"ButtonHard",33554432,3,[-78],[[[0,-75,[5,120,50]],[6,1,0,-76,[4,4288190666],12],-77],4,4,1],[1,0,-103.42999999999999,0]],[12,"VolumeBackground",33554432,4,[-82,-83],[[[0,-79,[5,300,20]],[16,1,0,-80,18],-81],4,4,1],[1,0,15,0]],[12,"VolumeBackgroundEffect",33554432,4,[-87,-88],[[[0,-84,[5,300,20]],[16,1,0,-85,20],-86],4,4,1],[1,0,-75,0]],[8,"ButtonContinue",33554432,4,[-93],[[0,-89,[5,158.05,53.18299999999999]],[6,1,0,-90,[4,4284966865],21],[17,2,-92,[[2,"71825sbmsRJJLmlOznizpuZ","continueGame",2]],[4,4292269782],-91,22,23,24,25]],[1,13.975999999999999,-137.224,0]],[20,"winGamePanel",false,33554432,1,[-97],[[0,-94,[5,426,304]],[24,-95],[14,0,-96,33]],[1,4,-10,0]],[8,"Winner",33554432,15,[-99,-100,-101,-102],[[1,-98]],[1,7,85,0]],[8,"ButtonReplay",33554432,16,[-107],[[0,-103,[5,150,60]],[6,1,0,-104,[4,4289045984],28],[17,2,-106,[[2,"71825sbmsRJJLmlOznizpuZ","rePlayGame",2]],[4,4292269782],-105,29,30,31,32]],[1,0,-179,0]],[11,"StartGame",33554432,1,[-109,6],[[1,-108]]],[8,"LabelOver",33554432,7,[-111,-112,8],[[1,-110]],[1,7,85,0]],[30,"IconSetting",33554432,[[[0,-113,[5,50,50]],[16,1,0,-114,27],-115],4,4,1],[1,418.8139999999999,238.8479999999999,0]],[9,"Handle",33554432,12,[[[0,-116,[5,32,32]],-117,[23,-119,[4,4292269782],-118,17]],4,1,4],[1,150,0,0]],[9,"Handle",33554432,13,[[[0,-120,[5,32,32]],-121,[23,-123,[4,4292269782],-122,19]],4,1,4],[1,150,0,0]],[9,"BgMain",33554432,5,[[[0,-124,[5,1000.9840000000002,658.03]],-125,[36,true,-126,0]],4,1,4],[1,-4.245999999999977,0.7079999999999984,0]],[11,"AboutGame",33554432,5,[-128,-129],[[1,-127]]],[11,"BgBoard",33554432,5,[-131,-132],[[1,-130]]],[8,"bgSudoku",33554432,25,[-135],[[0,-133,[5,509,511]],[14,0,-134,1]],[1,-172,-10,0]],[8,"DisplaySettingGame",33554432,1,[20,4],[[1,-136]],[1,0,8,0]],[5,"NameGame",33554432,24,[[0,-137,[5,198.91,50.4]],[18,"SUDOKU",45.9,45.9,true,-138,[4,4279637696]]],[1,280.09599999999995,163.33399999999995,0]],[22,"FaultGame",false,33554432,24,[[[0,-139,[5,106.73,50.4]],-140],4,1],[1,284.144,101.48,0]],[22,"bgValue",false,33554432,25,[[[0,-141,[5,304.738,201.243]],-142],4,1],[1,278.56300000000005,-58.857500000000016,0]],[9,"TimePlayGame",33554432,5,[[[0,-143,[5,96.44,50.4]],-144],4,1],[1,-75.22,272.15,0]],[9,"LevelString",33554432,5,[[[0,-145,[5,67.77,50.4]],-146],4,1],[1,-322.611,272.15,0]],[5,"Board",33554432,1,[[1,-147]],[1,-390,-230,0]],[31,"GameView",33554432,1,[[[1,-148],-149],4,1]],[5,"BgStart",33554432,18,[[0,-150,[5,989.962,600.3790000000001]],[14,0,-151,2]],[1,-3.6890000000000738,-8.492500000000058,0]],[21,"Label",512,33554432,6,[[0,-152,[5,145.132,48.358000000000004]],[7,"PLAY GAME",20,20,1,false,-153,[4,4293519856]]],[1,0.8355000000000246,0.8354999999999819,0]],[4,"TitleOver",33554432,19,[[0,-154,[5,193.82,50.4]],[3,"Trò chơi kết thúc",26,26,-155,[4,4279571737]]]],[5,"TitleCauseOver",33554432,19,[[0,-156,[5,300.08,50.4]],[3,"Bạn đã sai quá 3 lần và đã thua trò chơi này",15.3,15.3,-157,[4,4279308573]]],[1,-1,-63.8,0]],[4,"Label",33554432,8,[[0,-158,[5,100,40]],[7,"CHƠI LẠI",20,20,1,false,-159,[4,4278190080]]]],[11,"LevelGame",33554432,1,[3],[[1,-160]]],[5,"TitleLevel",33554432,3,[[0,-161,[5,150.1,50.4]],[3,"Hãy chọn độ khó",20,20,-162,[4,4278716428]]],[1,0,107.64500000000001,0]],[4,"Label",33554432,9,[[0,-163,[5,100,40]],[7,"Dễ",20,20,1,false,-164,[4,4278190080]]]],[4,"Label",33554432,10,[[0,-165,[5,100,40]],[7,"Trung Bình",20,20,1,false,-166,[4,4278190080]]]],[4,"Label",33554432,11,[[0,-167,[5,100,40]],[7,"Khó",20,20,1,false,-168,[4,4278190080]]]],[5,"TitleVolume",33554432,4,[[0,-169,[5,138.07,50.4]],[3,"CÀI ĐẶT",35,35,-170,[4,4280690225]]],[1,13.975999999999999,128.442,0]],[5,"soundtrack",33554432,12,[[0,-171,[5,128.42,50.4]],[3,"Nhạc nền",30,30,-172,[4,4279242771]]],[1,-88.68700000000001,41.19999999999999,0]],[5,"soundtrack",33554432,13,[[0,-173,[5,123.49,50.4]],[3,"Hiệu ứng",30,30,-174,[4,4279242771]]],[1,-88.68700000000001,41.19999999999999,0]],[21,"Label",512,33554432,14,[[0,-175,[5,100,40]],[7,"TIẾP TỤC",20,20,1,false,-176,[4,4278190080]]],[1,-2.397,-3.596,0]],[4,"TitleWin",33554432,16,[[0,-177,[5,148.88,50.4]],[3,"Chiến Thắng",26,26,-178,[4,4279571737]]]],[5,"LabelFinish",33554432,16,[[0,-179,[5,214.18,50.4]],[3,"Bạn đã hoan thành trò chơi này",15.3,15.3,-180,[4,4279308573]]],[1,-11.000000000000057,-44.075000000000045,0]],[9,"BestTime",33554432,16,[[[0,-181,[5,0,50.4]],-182],4,1],[1,-11.000000000000057,-92.07500000000005,0]],[4,"Label",33554432,17,[[0,-183,[5,100,40]],[7,"CHƠI LẠI",20,20,1,false,-184,[4,4278190080]]]],[37,"MainGame",[1],[38,[39,[2,0,0,0,0.520833125],[2,0,0,0,0]],[40,[4,4283190348],[0,512,512]],[41],[42],[43],[44]]],[32,"Camera",1,[-185],[1,0,0,1000]],[45,0,331.88284518828453,0,1108344832,54,[4,4278190080]],[13,0,23],[3,"Lỗi : ../3",30,30,29,[4,4279637696]],[4,"Node",33554432,26,[[1,-186]]],[13,0,30],[18,"Thời gian ",20,20,true,31,[4,4279637696]],[18,"Độ khó",20,20,true,32,[4,4279637696]],[46,34,18],[15,2,8,[[2,"71825sbmsRJJLmlOznizpuZ","rePlayGame",2]],[4,4292269782],8],[15,2,9,[[2,"71825sbmsRJJLmlOznizpuZ","easyLevelGame",2]],[4,4292269782],9],[15,2,10,[[2,"71825sbmsRJJLmlOznizpuZ","mediumLevelGame",2]],[4,4292269782],10],[15,2,11,[[2,"71825sbmsRJJLmlOznizpuZ","hardLevelGame",2]],[4,4292269782],11],[15,2,20,[[2,"71825sbmsRJJLmlOznizpuZ","displayVolumeSetting",2]],[4,4292269782],20],[13,0,21],[25,1,12,[[2,"71825sbmsRJJLmlOznizpuZ","volumeGameSetting",2]],68],[13,0,22],[25,1,13,[[2,"71825sbmsRJJLmlOznizpuZ","volumeGameEffect",2]],70],[3,"",15.3,15.3,51,[4,4279308573]]],0,[0,0,1,0,9,55,0,0,1,0,0,1,0,-1,54,0,-2,5,0,-3,33,0,-4,2,0,-5,7,0,-6,15,0,-7,40,0,-8,18,0,-9,27,0,-10,34,0,0,2,0,10,72,0,11,15,0,12,61,0,13,60,0,14,71,0,15,69,0,16,4,0,17,67,0,18,56,0,19,59,0,20,57,0,21,66,0,22,65,0,23,64,0,24,63,0,25,3,0,26,7,0,27,33,0,28,62,0,0,2,0,0,3,0,0,3,0,-1,41,0,-2,9,0,-3,10,0,-4,11,0,0,4,0,0,4,0,-1,45,0,-2,12,0,-3,13,0,-4,14,0,0,5,0,-1,23,0,-2,24,0,-3,25,0,-4,31,0,-5,32,0,0,6,0,0,6,0,8,6,0,0,6,0,-1,36,0,0,7,0,0,7,0,0,7,0,-1,19,0,0,8,0,0,8,0,-3,63,0,-1,39,0,0,9,0,0,9,0,-3,64,0,-1,42,0,0,10,0,0,10,0,-3,65,0,-1,43,0,0,11,0,0,11,0,-3,66,0,-1,44,0,0,12,0,0,12,0,-3,69,0,-1,21,0,-2,46,0,0,13,0,0,13,0,-3,71,0,-1,22,0,-2,47,0,0,14,0,0,14,0,8,14,0,0,14,0,-1,48,0,0,15,0,0,15,0,0,15,0,-1,16,0,0,16,0,-1,49,0,-2,50,0,-3,51,0,-4,17,0,0,17,0,0,17,0,8,17,0,0,17,0,-1,52,0,0,18,0,-1,35,0,0,19,0,-1,37,0,-2,38,0,0,20,0,0,20,0,-3,67,0,0,21,0,-2,68,0,8,21,0,0,21,0,0,22,0,-2,70,0,8,22,0,0,22,0,0,23,0,-2,56,0,0,23,0,0,24,0,-1,28,0,-2,29,0,0,25,0,-1,26,0,-2,30,0,0,26,0,0,26,0,-1,58,0,0,27,0,0,28,0,0,28,0,0,29,0,-2,57,0,0,30,0,-2,59,0,0,31,0,-2,60,0,0,32,0,-2,61,0,0,33,0,0,34,0,-2,62,0,0,35,0,0,35,0,0,36,0,0,36,0,0,37,0,0,37,0,0,38,0,0,38,0,0,39,0,0,39,0,0,40,0,0,41,0,0,41,0,0,42,0,0,42,0,0,43,0,0,43,0,0,44,0,0,44,0,0,45,0,0,45,0,0,46,0,0,46,0,0,47,0,0,47,0,0,48,0,0,48,0,0,49,0,0,49,0,0,50,0,0,50,0,0,51,0,-2,72,0,0,52,0,0,52,0,-1,55,0,0,58,0,29,53,1,7,53,3,7,40,4,7,27,6,7,18,8,7,19,20,7,27,186],[0,0,0,0,0,0,0,0,0,0,0,0,0,0,0,0,0,0,0,0,0,0,0,0,0,0,0,0,0,0,0,0,0,0,56,59,63,63,63,63,64,64,64,64,65,65,65,65,66,66,66,66,68,70,67],[30,1,1,1,3,4,5,6,1,1,1,1,1,31,32,33,34,3,1,3,1,1,3,4,5,6,1,1,1,3,4,5,6,1,1,1,3,4,5,6,3,4,5,6,3,4,5,6,3,4,5,6,1,1,3],[13,14,15,0,0,0,1,2,0,0,0,0,0,16,17,18,19,3,4,3,4,0,0,0,1,2,0,5,0,0,0,1,2,0,20,21,0,0,1,2,0,0,1,2,0,0,1,2,0,0,1,2,3,3,5]],[[[10,"LoseSudoku",".mp3",1.296],-1],0,0,[],[],[]],[[[10,"Tada-sound",".mp3",2.56],-1],0,0,[],[],[]],[[[10,"selectNode",".mp3",0.12],-1],0,0,[],[],[]],[[[10,"game-start",".mp3",2.88],-1],0,0,[],[],[]],[[{"name":"default_radio_button_off","rect":{"x":3,"y":3,"width":26,"height":26},"offset":{"x":0,"y":0},"originalSize":{"width":32,"height":32},"rotated":false,"capInsets":[13,13,13,13],"vertices":{"rawPosition":[-13,-13,0,13,-13,0,-13,13,0,13,13,0],"indexes":[0,1,2,2,1,3],"uv":[3,29,29,29,3,3,29,3],"nuv":[0.09375,0.09375,0.90625,0.09375,0.09375,0.90625,0.90625,0.90625],"minPos":{"x":-13,"y":-13,"z":0},"maxPos":{"x":13,"y":13,"z":0}},"packable":true,"pixelsToUnit":100,"pivot":{"x":0.5,"y":0.5},"meshType":0}],[0],0,[0],[2],[22]],[[{"name":"backgroundSudoku","rect":{"x":13,"y":13,"width":423,"height":423},"offset":{"x":-0.5,"y":0.5},"originalSize":{"width":450,"height":450},"rotated":false,"capInsets":[0,0,0,0],"vertices":{"rawPosition":[-211.5,-211.5,0,211.5,-211.5,0,-211.5,211.5,0,211.5,211.5,0],"indexes":[0,1,2,2,1,3],"uv":[13,437,436,437,13,14,436,14],"nuv":[0.028888888888888888,0.03111111111111111,0.9688888888888889,0.03111111111111111,0.028888888888888888,0.9711111111111111,0.9688888888888889,0.9711111111111111],"minPos":{"x":-211.5,"y":-211.5,"z":0},"maxPos":{"x":211.5,"y":211.5,"z":0}},"packable":true,"pixelsToUnit":100,"pivot":{"x":0.5,"y":0.5},"meshType":0}],[0],0,[0],[2],[23]],[[{"name":"BgStartGame","rect":{"x":0,"y":0,"width":463,"height":400},"offset":{"x":0,"y":0},"originalSize":{"width":463,"height":400},"rotated":false,"capInsets":[0,0,0,0],"vertices":{"rawPosition":[-231.5,-200,0,231.5,-200,0,-231.5,200,0,231.5,200,0],"indexes":[0,1,2,2,1,3],"uv":[0,400,463,400,0,0,463,0],"nuv":[0,0,1,0,0,1,1,1],"minPos":{"x":-231.5,"y":-200,"z":0},"maxPos":{"x":231.5,"y":200,"z":0}},"packable":true,"pixelsToUnit":100,"pivot":{"x":0.5,"y":0.5},"meshType":0}],[0],0,[0],[2],[24]]]]
