[1,["20g1ukYUVPvKWKBRznAKo+@f9941","54TknWPwVPqJqeCR+Y/Czo@f9941","95EkngnxZFbYuFpsqVTaFr@f9941","f1KiPEuSRDIqJgPZgkKPHo@f9941","40C7dNLj1DuZgaHt8qZ3t2@f9941","28dl4vBApMZY6M+dC7edhj@f9941","4bp/0KI8VMyIKcppHN+27m@f9941","13N7f+PIBGD4ko+7hrA1Ix@6c48a","20g1ukYUVPvKWKBRznAKo+@6c48a","28dl4vBApMZY6M+dC7edhj@6c48a","40C7dNLj1DuZgaHt8qZ3t2@6c48a","4bp/0KI8VMyIKcppHN+27m@6c48a","54TknWPwVPqJqeCR+Y/Czo@6c48a","95EkngnxZFbYuFpsqVTaFr@6c48a","5bsYyUJcZFn4ftORHW5DH3","f7yxPSxgpEC7t9nR4uPtWU@f9941","fcRfcfnvFNPJ8ks8UZPGuX@f9941","c5AZN/teREFKQlr2T/RqSb","bf0gtBVCRBUYbsQXNf0J5R","a1BvMd2idMLJgZsHF4pElg","baf96EdqBMsLga0mPmmm8Z","a8tQANQaNLHIP+9I5h86Iv","89jGFUW+pMH5exPcgaQbUS","13N7f+PIBGD4ko+7hrA1Ix@f9941","f1KiPEuSRDIqJgPZgkKPHo@6c48a","f7yxPSxgpEC7t9nR4uPtWU@6c48a","fcRfcfnvFNPJ8ks8UZPGuX@6c48a"],["node","_spriteFrame","_normalSprite","_textureSource","_hoverSprite","_pressedSprite","_disabledSprite","_parent","_target","root","data","_cameraComponent","bestTimeLevle","bestTime","winGame","levelLabel","timerLabel","settingVolumeEffect","settingVolumeBg","settingNode","settingVolumeAll","bgMain","bgNodeValue","playerFault","hardLevel","mediumLevel","easyLevel","newGame","rePlay","levelPanel","gameOver","boardEffectNode","boardNode","gameView","scene","_clip","volumeStart","volumeSelectNode","volumeLose","volumeWinGame","frameNode","frameNodeNum"],["cc.SpriteFrame",["cc.Node",["_name","_layer","_active","_id","_objFlags","_components","_lpos","_children","_parent","_prefab"],-2,9,5,2,1,4],["cc.Node",["_name","_layer","_active","_components","_lpos","_parent","_children"],0,12,5,1,2],["cc.Sprite",["_sizeMode","_type","node","_spriteFrame","_color","__prefab"],1,1,6,5,4],["cc.UITransform",["node","_contentSize","__prefab"],3,1,5,4],["cc.Button",["_transition","node","_normalColor","_target","clickEvents","_normalSprite","_hoverSprite","_pressedSprite","_disabledSprite"],2,1,5,1,9,6,6,6,6],["cc.Label",["_string","_actualFontSize","_fontSize","_isBold","_overflow","_enableWrapText","node","_color"],-3,1,5],["cc.AudioClip",["_name","_native","_duration"],0],["cc.Prefab",["_name"],2],["cc.Node",["_name","_parent","_components","_lpos"],2,1,2,5],["cc.CompPrefabInfo",["fileId"],2],["cc.PrefabInfo",["fileId","instance","targetOverrides","nestedPrefabInstanceRoots","root","asset"],-1,1,1],["cc.PrefabInfo",["root","asset","fileId","instance","targetOverrides","nestedPrefabInstanceRoots"],-3],["cc.SceneAsset",["_name"],2],["cc.Canvas",["node","_cameraComponent"],3,1,1],["cc.Widget",["_alignFlags","_left","_right","node"],0,1],["71825sbmsRJJLmlOznizpuZ",["node","gameView","boardNode","boardEffectNode","gameOver","levelPanel","rePlay","newGame","easyLevel","mediumLevel","hardLevel","playerFault","bgNodeValue","bgMain","settingVolumeAll","settingNode","settingVolumeBg","settingVolumeEffect","timerLabel","levelLabel","winGame","bestTime","bestTimeLevle","volumeStart","volumeSelectNode","volumeLose","volumeWinGame","frameNode","frameNodeNum"],3,1,1,1,1,1,1,1,1,1,1,1,1,1,1,1,1,1,1,1,1,1,1,1,6,6,6,6,6,6],["cc.ClickEvent",["_componentId","handler","target"],1,1],["cc.PageView",["node"],3,1],["cc.AudioSource",["_loop","node","_clip"],2,1,6],["cc.Scene",["_name","_children","_prefab","_globals"],2,2,4,4],["cc.SceneGlobals",["ambient","shadows","_skybox","fog","octree","lightProbeInfo"],3,4,4,4,4,4,4],["cc.AmbientInfo",["_skyColorHDR","_groundAlbedoHDR"],3,5,5],["cc.ShadowsInfo",["_shadowColor","_size"],3,5,5],["cc.SkyboxInfo",[],3],["cc.FogInfo",[],3],["cc.OctreeInfo",[],3],["cc.LightProbeInfo",[],3],["cc.Camera",["_projection","_orthoHeight","_near","_visibility","node","_color"],-1,1,5],["4b0c4GCCFJBRrlINHLza3Pw",["node","startGame"],3,1,1],["cc.Slider",["_progress","node","slideEvents","_handle"],2,1,9,1]],[[4,0,1,1],[4,0,1],[1,0,1,8,5,6,3],[17,0,1,2,3],[6,0,1,2,6,7,4],[1,0,1,8,5,3],[3,1,0,2,4,3,3],[6,0,1,2,4,5,6,7,6],[2,0,1,5,3,4,3],[1,0,1,8,7,5,3],[5,0,1,4,2,3,2],[7,0,1,2,4],[1,0,1,8,7,5,6,3],[2,0,1,5,6,3,4,3],[3,0,2,2],[3,0,2,3,2],[10,0,2],[1,0,1,7,5,6,3],[3,1,0,2,3,3],[5,0,1,4,2,3,5,6,7,8,2],[6,0,1,2,3,6,7,5],[8,0,2],[1,0,1,5,9,3],[1,0,2,1,8,7,5,6,4],[1,0,4,1,8,5,6,4],[2,0,2,1,5,3,4,4],[4,0,2,1,1],[3,0,2,5,4,3,2],[11,0,1,2,3,4,5,5],[5,1,2,3,5,1],[18,0,1],[30,0,1,2,3,2],[1,0,1,3,7,5,6,4],[1,0,2,1,7,5,6,4],[2,0,2,1,5,6,3,4,4],[2,0,1,6,3,4,3],[2,0,1,3,4,3],[2,0,1,5,3,3],[9,0,1,2,3,2],[12,0,1,2,3,4,5,7],[13,0,2],[14,0,1,1],[15,0,1,2,3,4],[16,0,1,2,3,4,5,6,7,8,9,10,11,12,13,14,15,16,17,18,19,20,21,22,23,24,25,26,27,28,1],[19,0,1,2,2],[20,0,1,2,3,2],[21,0,1,2,3,4,5,1],[22,0,1,1],[23,0,1,1],[24,1],[25,1],[26,1],[27,1],[28,0,1,2,3,4,5,5],[29,0,1,1]],[[[{"name":"ValueBoard","rect":{"x":0,"y":0,"width":117,"height":116},"offset":{"x":0,"y":0},"originalSize":{"width":117,"height":116},"rotated":false,"capInsets":[0,0,0,0],"vertices":{"rawPosition":[-58.5,-58,0,58.5,-58,0,-58.5,58,0,58.5,58,0],"indexes":[0,1,2,2,1,3],"uv":[0,116,117,116,0,0,117,0],"nuv":[0,0,1,0,0,1,1,1],"minPos":{"x":-58.5,"y":-58,"z":0},"maxPos":{"x":58.5,"y":58,"z":0}},"packable":true,"pixelsToUnit":100,"pivot":{"x":0.5,"y":0.5},"meshType":0}],[0],0,[0],[3],[7]],[[{"name":"default_btn_normal","rect":{"x":0,"y":0,"width":40,"height":40},"offset":{"x":0,"y":0},"originalSize":{"width":40,"height":40},"rotated":false,"capInsets":[12,12,12,12],"vertices":{"rawPosition":[-20,-20,0,20,-20,0,-20,20,0,20,20,0],"indexes":[0,1,2,2,1,3],"uv":[0,40,40,40,0,0,40,0],"nuv":[0,0,1,0,0,1,1,1],"minPos":{"x":-20,"y":-20,"z":0},"maxPos":{"x":20,"y":20,"z":0}},"packable":true,"pixelsToUnit":100,"pivot":{"x":0.5,"y":0.5},"meshType":0}],[0],0,[0],[3],[8]],[[{"name":"default_scrollbar_bg","rect":{"x":0,"y":0,"width":30,"height":15},"offset":{"x":0,"y":0},"originalSize":{"width":30,"height":15},"rotated":false,"capInsets":[10,4,10,4],"vertices":{"rawPosition":[-15,-7.5,0,15,-7.5,0,-15,7.5,0,15,7.5,0],"indexes":[0,1,2,2,1,3],"uv":[0,15,30,15,0,0,30,0],"nuv":[0,0,1,0,0,1,1,1],"minPos":{"x":-15,"y":-7.5,"z":0},"maxPos":{"x":15,"y":7.5,"z":0}},"packable":true,"pixelsToUnit":100,"pivot":{"x":0.5,"y":0.5},"meshType":0}],[0],0,[0],[3],[9]],[[{"name":"BgWhite","rect":{"x":0,"y":0,"width":800,"height":600},"offset":{"x":0,"y":0},"originalSize":{"width":800,"height":600},"rotated":false,"capInsets":[0,0,0,0],"vertices":{"rawPosition":[-400,-300,0,400,-300,0,-400,300,0,400,300,0],"indexes":[0,1,2,2,1,3],"uv":[0,600,800,600,0,0,800,0],"nuv":[0,0,1,0,0,1,1,1],"minPos":{"x":-400,"y":-300,"z":0},"maxPos":{"x":400,"y":300,"z":0}},"packable":true,"pixelsToUnit":100,"pivot":{"x":0.5,"y":0.5},"meshType":0}],[0],0,[0],[3],[10]],[[{"name":"setting","rect":{"x":128,"y":129,"width":769,"height":769},"offset":{"x":0.5,"y":-1.5},"originalSize":{"width":1024,"height":1024},"rotated":false,"capInsets":[0,0,0,0],"vertices":{"rawPosition":[-384.5,-384.5,0,384.5,-384.5,0,-384.5,384.5,0,384.5,384.5,0],"indexes":[0,1,2,2,1,3],"uv":[128,895,897,895,128,126,897,126],"nuv":[0.125,0.123046875,0.8759765625,0.123046875,0.125,0.8740234375,0.8759765625,0.8740234375],"minPos":{"x":-384.5,"y":-384.5,"z":0},"maxPos":{"x":384.5,"y":384.5,"z":0}},"packable":true,"pixelsToUnit":100,"pivot":{"x":0.5,"y":0.5},"meshType":0}],[0],0,[0],[3],[11]],[[{"name":"default_btn_pressed","rect":{"x":0,"y":0,"width":40,"height":40},"offset":{"x":0,"y":0},"originalSize":{"width":40,"height":40},"rotated":false,"capInsets":[12,12,12,12],"vertices":{"rawPosition":[-20,-20,0,20,-20,0,-20,20,0,20,20,0],"indexes":[0,1,2,2,1,3],"uv":[0,40,40,40,0,0,40,0],"nuv":[0,0,1,0,0,1,1,1],"minPos":{"x":-20,"y":-20,"z":0},"maxPos":{"x":20,"y":20,"z":0}},"packable":true,"pixelsToUnit":100,"pivot":{"x":0.5,"y":0.5},"meshType":0}],[0],0,[0],[3],[12]],[[[11,"SudoKuBackgroundMusic",".mp3",156.604063],-1],0,0,[],[],[]],[[[21,"frameNodeNum"],[22,"frameNodeNum",33554432,[[26,-2,[16,"fcSRf29FRDeYxjvpRKXCGk"],[5,55.5,55.5]],[27,0,-3,[16,"48aACO/fRGQKlKVZ98GkzV"],[4,1840951534],0]],[28,"82uXacnB9JX6TxkkEBvDNL",null,null,null,-1,0]]],0,[0,9,1,0,0,1,0,0,1,0,10,1,3],[0],[1],[4]],[[{"name":"default_btn_disabled","rect":{"x":0,"y":0,"width":40,"height":40},"offset":{"x":0,"y":0},"originalSize":{"width":40,"height":40},"rotated":false,"capInsets":[12,12,12,12],"vertices":{"rawPosition":[-20,-20,0,20,-20,0,-20,20,0,20,20,0],"indexes":[0,1,2,2,1,3],"uv":[0,40,40,40,0,0,40,0],"nuv":[0,0,1,0,0,1,1,1],"minPos":{"x":-20,"y":-20,"z":0},"maxPos":{"x":20,"y":20,"z":0}},"packable":true,"pixelsToUnit":100,"pivot":{"x":0.5,"y":0.5},"meshType":0}],[0],0,[0],[3],[13]],[[[40,"MainGame"],[32,"Canvas",33554432,"beI88Z2HpFELqR4T5EMHpg",[-5,-6,-7,-8,-9,-10,-11,-12,-13,-14],[[0,-1,[5,960,600]],[41,-3,-2],[42,45,5.684341886080802e-14,1.2708018154311844,-4]],[1,480.00000000000006,300,0]],[5,"GameController",33554432,1,[[1,-15],[43,-38,-37,-36,-35,-34,-33,-32,-31,-30,-29,-28,-27,-26,-25,-24,-23,-22,-21,-20,-19,-18,-17,-16,14,15,16,17,35,36]]],[9,"Background",33554432,1,[-40,-41,-42,-43,-44,-45],[[1,-39]]],[17,"LevelBoard",33554432,[-48,-49,-50,-51],[[0,-46,[5,205.6,308.57899999999995]],[14,0,-47]],[1,279.632,-57.92,0]],[33,"SettingVolume",false,33554432,[-54,-55,-56,-57],[[0,-52,[5,494.22,398.34299999999996]],[15,0,-53,27]],[1,-5.684341886080802e-14,-18.37400000000008,0]],[17,"Winner",33554432,[-59,-60,-61,-62,-63],[[1,-58]],[1,7,85,0]],[34,"NewGame",false,33554432,3,[-67],[[[0,-64,[5,120,50]],[6,1,0,-65,[4,4288190666],2],-66],4,4,1],[1,280.343,-205.87900000000002,0]],[17,"PlayGameButton",33554432,[-72],[[0,-68,[5,186.92100000000002,90.147]],[6,1,0,-69,[4,4284966865],4],[19,2,-71,[[3,"71825sbmsRJJLmlOznizpuZ","startGamePlayer",2]],[4,4292269782],-70,5,6,7,8]],[1,355.20599999999996,-123.73100000000005,0]],[23,"GameOver",false,33554432,1,[-76],[[0,-73,[5,426,304]],[30,-74],[15,0,-75,10]],[1,4,-10,0]],[35,"ButtonReplay",33554432,[-80],[[[0,-77,[5,150,60]],[6,1,0,-78,[4,4289045984],9],-79],4,4,1],[1,0,-130,0]],[13,"ButtonEasy",33554432,4,[-84],[[[0,-81,[5,120,50]],[6,1,0,-82,[4,4288190666],11],-83],4,4,1],[1,0,47.542,0]],[13,"ButtonMedium",33554432,4,[-88],[[[0,-85,[5,120,50]],[6,1,0,-86,[4,4288190666],12],-87],4,4,1],[1,0,-27.94399999999999,0]],[13,"ButtonHard",33554432,4,[-92],[[[0,-89,[5,120,50]],[6,1,0,-90,[4,4288190666],13],-91],4,4,1],[1,0,-103.42999999999999,0]],[13,"VolumeBackground",33554432,5,[-96,-97],[[[0,-93,[5,300,20]],[18,1,0,-94,19],-95],4,4,1],[1,0,15,0]],[13,"VolumeBackgroundEffect",33554432,5,[-101,-102],[[[0,-98,[5,300,20]],[18,1,0,-99,21],-100],4,4,1],[1,0,-75,0]],[12,"ButtonContinue",33554432,5,[-107],[[0,-103,[5,158.05,53.18299999999999]],[6,1,0,-104,[4,4284966865],22],[19,2,-106,[[3,"71825sbmsRJJLmlOznizpuZ","continueGame",2]],[4,4292269782],-105,23,24,25,26]],[1,13.975999999999999,-137.224,0]],[23,"winGamePanel",false,33554432,1,[6],[[0,-108,[5,426,304]],[30,-109],[15,0,-110,34]],[1,4,-10,0]],[12,"ButtonReplay",33554432,6,[-115],[[0,-111,[5,150,60]],[6,1,0,-112,[4,4289045984],29],[19,2,-114,[[3,"71825sbmsRJJLmlOznizpuZ","rePlayGame",2]],[4,4292269782],-113,30,31,32,33]],[1,0,-179,0]],[9,"StartGame",33554432,1,[-117,8],[[1,-116]]],[12,"LabelOver",33554432,9,[-119,-120,10],[[1,-118]],[1,7,85,0]],[36,"IconSetting",33554432,[[[0,-121,[5,50,50]],[18,1,0,-122,28],-123],4,4,1],[1,418.8139999999999,238.8479999999999,0]],[8,"Handle",33554432,14,[[[0,-124,[5,32,32]],-125,[29,-127,[4,4292269782],-126,18]],4,1,4],[1,150,0,0]],[8,"Handle",33554432,15,[[[0,-128,[5,32,32]],-129,[29,-131,[4,4292269782],-130,20]],4,1,4],[1,150,0,0]],[8,"BgMain",33554432,3,[[[0,-132,[5,1000.9840000000002,658.03]],-133,[44,true,-134,0]],4,1,4],[1,-4.245999999999977,0.7079999999999984,0]],[9,"AboutGame",33554432,3,[-136,-137],[[1,-135]]],[9,"BgBoard",33554432,3,[-139,-140],[[1,-138]]],[12,"bgSudoku",33554432,26,[-143],[[0,-141,[5,508,506.58799999999997]],[15,0,-142,1]],[1,-170.5,-9.999999999999998,0]],[9,"BoadAll",33554432,1,[-145,-146],[[1,-144]]],[12,"DisplaySettingGame",33554432,1,[21,5],[[1,-147]],[1,0,8,0]],[2,"NameGame",33554432,25,[[0,-148,[5,198.91,50.4]],[20,"SUDOKU",45.9,45.9,true,-149,[4,4279637696]]],[1,280.09599999999995,163.33399999999995,0]],[25,"FaultGame",false,33554432,25,[[[0,-150,[5,106.73,50.4]],-151],4,1],[1,284.144,101.48,0]],[25,"bgValue",false,33554432,26,[[[0,-152,[5,222.538,188.05]],-153],4,1],[1,280.085,-59.365,0]],[8,"TimePlayGame",33554432,3,[[[0,-154,[5,96.44,50.4]],-155],4,1],[1,-75.22,272.15,0]],[8,"LevelString",33554432,3,[[[0,-156,[5,67.77,50.4]],-157],4,1],[1,-322.611,272.15,0]],[5,"Label",33554432,7,[[0,-158,[5,100,40]],[7,"Chơi mới",20,20,1,false,-159,[4,4278190080]]]],[37,"GameView",33554432,1,[[[1,-160],-161],4,1]],[2,"BgStart",33554432,19,[[0,-162,[5,989.962,600.3790000000001]],[15,0,-163,3]],[1,-3.6890000000000738,-8.492500000000058,0]],[24,"Label",512,33554432,8,[[0,-164,[5,145.132,48.358000000000004]],[7,"CHƠI NGAY",20,20,1,false,-165,[4,4293519856]]],[1,0.8355000000000246,0.8354999999999819,0]],[2,"Board",33554432,28,[[1,-166]],[1,-390,-230,0]],[2,"BoardEffect",33554432,28,[[1,-167]],[1,-390,-230,0]],[5,"TitleOver",33554432,20,[[0,-168,[5,193.82,50.4]],[4,"Trò chơi kết thúc",26,26,-169,[4,4279571737]]]],[2,"TitleCauseOver",33554432,20,[[0,-170,[5,300.08,50.4]],[4,"Bạn đã sai quá 3 lần và đã thua trò chơi này",15.3,15.3,-171,[4,4279308573]]],[1,-1,-63.8,0]],[5,"Label",33554432,10,[[0,-172,[5,100,40]],[7,"CHƠI LẠI",20,20,1,false,-173,[4,4278190080]]]],[9,"LevelGame",33554432,1,[4],[[1,-174]]],[2,"TitleLevel",33554432,4,[[0,-175,[5,150.1,50.4]],[4,"Hãy chọn độ khó",20,20,-176,[4,4278716428]]],[1,0,107.64500000000001,0]],[5,"Label",33554432,11,[[0,-177,[5,100,40]],[7,"Dễ",20,20,1,false,-178,[4,4278190080]]]],[5,"Label",33554432,12,[[0,-179,[5,100,40]],[7,"Trung Bình",20,20,1,false,-180,[4,4278190080]]]],[5,"Label",33554432,13,[[0,-181,[5,100,40]],[7,"Khó",20,20,1,false,-182,[4,4278190080]]]],[2,"TitleVolume",33554432,5,[[0,-183,[5,138.07,50.4]],[4,"CÀI ĐẶT",35,35,-184,[4,4280690225]]],[1,13.975999999999999,128.442,0]],[2,"soundtrack",33554432,14,[[0,-185,[5,128.42,50.4]],[4,"Nhạc nền",30,30,-186,[4,4279242771]]],[1,-88.68700000000001,41.19999999999999,0]],[2,"soundtrack",33554432,15,[[0,-187,[5,123.49,50.4]],[4,"Hiệu ứng",30,30,-188,[4,4279242771]]],[1,-88.68700000000001,41.19999999999999,0]],[24,"Label",512,33554432,16,[[0,-189,[5,100,40]],[7,"TIẾP TỤC",20,20,1,false,-190,[4,4278190080]]],[1,-2.397,-3.596,0]],[2,"TitleWin",33554432,6,[[0,-191,[5,148.88,50.4]],[4,"Chiến Thắng",26,26,-192,[4,4279571737]]],[1,0,11,0]],[2,"LabelFinish",33554432,6,[[0,-193,[5,214.18,50.4]],[4,"Bạn đã hoan thành trò chơi này",15.3,15.3,-194,[4,4279308573]]],[1,-11.000000000000057,-29.075000000000045,0]],[8,"LabelLevel",33554432,6,[[[0,-195,[5,0,50.4]],-196],4,1],[1,-11.000000000000057,-67.07500000000005,0]],[8,"BestTime",33554432,6,[[[0,-197,[5,0,50.4]],-198],4,1],[1,-11.000000000000057,-107.07500000000005,0]],[5,"Label",33554432,18,[[0,-199,[5,100,40]],[7,"CHƠI LẠI",20,20,1,false,-200,[4,4278190080]]]],[45,"MainGame",[1],[39,null,null,"9a5bce71-9ae1-4c17-8bed-eb896cfc849c",null,null,null],[46,[47,[2,0,0,0,0.520833125],[2,0,0,0,0]],[48,[4,4283190348],[0,512,512]],[49],[50],[51],[52]]],[38,"Camera",1,[-201],[1,0,0,1000]],[53,0,300,0,1108344832,59,[4,4278190080]],[14,0,24],[4,"Lỗi : ../3",30,30,31,[4,4279637696]],[5,"Node",33554432,27,[[1,-202]]],[14,0,32],[20,"Thời gian ",20,20,true,33,[4,4279637696]],[20,"Độ khó",20,20,true,34,[4,4279637696]],[10,2,7,[[3,"71825sbmsRJJLmlOznizpuZ","rePlayGame",2]],[4,4292269782],7],[54,36,19],[10,2,10,[[3,"71825sbmsRJJLmlOznizpuZ","rePlayGame",2]],[4,4292269782],10],[10,2,11,[[3,"71825sbmsRJJLmlOznizpuZ","easyLevelGame",2]],[4,4292269782],11],[10,2,12,[[3,"71825sbmsRJJLmlOznizpuZ","mediumLevelGame",2]],[4,4292269782],12],[10,2,13,[[3,"71825sbmsRJJLmlOznizpuZ","hardLevelGame",2]],[4,4292269782],13],[10,2,21,[[3,"71825sbmsRJJLmlOznizpuZ","displayVolumeSetting",2]],[4,4292269782],21],[14,0,22],[31,1,14,[[3,"71825sbmsRJJLmlOznizpuZ","volumeGameSetting",2]],74],[14,0,23],[31,1,15,[[3,"71825sbmsRJJLmlOznizpuZ","volumeGameEffect",2]],76],[4,"",15.3,15.3,55,[4,4279308573]],[4,"",15.3,15.3,56,[4,4279308573]]],0,[0,0,1,0,11,60,0,0,1,0,0,1,0,-1,59,0,-2,3,0,-3,28,0,-4,2,0,-5,9,0,-6,17,0,-7,44,0,-8,19,0,-9,29,0,-10,36,0,0,2,0,12,78,0,13,79,0,14,17,0,15,66,0,16,65,0,17,77,0,18,75,0,19,5,0,20,73,0,21,61,0,22,64,0,23,62,0,24,72,0,25,71,0,26,70,0,27,67,0,28,69,0,29,4,0,30,9,0,31,40,0,32,39,0,33,68,0,0,2,0,0,3,0,-1,24,0,-2,25,0,-3,26,0,-4,33,0,-5,34,0,-6,7,0,0,4,0,0,4,0,-1,45,0,-2,11,0,-3,12,0,-4,13,0,0,5,0,0,5,0,-1,49,0,-2,14,0,-3,15,0,-4,16,0,0,6,0,-1,53,0,-2,54,0,-3,55,0,-4,56,0,-5,18,0,0,7,0,0,7,0,-3,67,0,-1,35,0,0,8,0,0,8,0,8,8,0,0,8,0,-1,38,0,0,9,0,0,9,0,0,9,0,-1,20,0,0,10,0,0,10,0,-3,69,0,-1,43,0,0,11,0,0,11,0,-3,70,0,-1,46,0,0,12,0,0,12,0,-3,71,0,-1,47,0,0,13,0,0,13,0,-3,72,0,-1,48,0,0,14,0,0,14,0,-3,75,0,-1,22,0,-2,50,0,0,15,0,0,15,0,-3,77,0,-1,23,0,-2,51,0,0,16,0,0,16,0,8,16,0,0,16,0,-1,52,0,0,17,0,0,17,0,0,17,0,0,18,0,0,18,0,8,18,0,0,18,0,-1,57,0,0,19,0,-1,37,0,0,20,0,-1,41,0,-2,42,0,0,21,0,0,21,0,-3,73,0,0,22,0,-2,74,0,8,22,0,0,22,0,0,23,0,-2,76,0,8,23,0,0,23,0,0,24,0,-2,61,0,0,24,0,0,25,0,-1,30,0,-2,31,0,0,26,0,-1,27,0,-2,32,0,0,27,0,0,27,0,-1,63,0,0,28,0,-1,39,0,-2,40,0,0,29,0,0,30,0,0,30,0,0,31,0,-2,62,0,0,32,0,-2,64,0,0,33,0,-2,65,0,0,34,0,-2,66,0,0,35,0,0,35,0,0,36,0,-2,68,0,0,37,0,0,37,0,0,38,0,0,38,0,0,39,0,0,40,0,0,41,0,0,41,0,0,42,0,0,42,0,0,43,0,0,43,0,0,44,0,0,45,0,0,45,0,0,46,0,0,46,0,0,47,0,0,47,0,0,48,0,0,48,0,0,49,0,0,49,0,0,50,0,0,50,0,0,51,0,0,51,0,0,52,0,0,52,0,0,53,0,0,53,0,0,54,0,0,54,0,0,55,0,-2,78,0,0,56,0,-2,79,0,0,57,0,0,57,0,-1,60,0,0,63,0,34,58,1,7,58,4,7,44,5,7,29,6,7,17,8,7,19,10,7,20,21,7,29,202],[0,0,0,0,0,0,0,0,0,0,0,0,0,0,0,0,0,0,0,0,0,0,0,0,0,0,0,0,0,0,0,0,0,0,0,0,0,61,64,69,69,69,69,70,70,70,70,71,71,71,71,72,72,72,72,74,76,73,67,67,67,67],[35,1,1,1,1,2,4,5,6,1,1,1,1,1,36,37,38,39,2,1,2,1,1,2,4,5,6,1,1,1,2,4,5,6,1,40,41,1,1,2,4,5,6,2,4,5,6,2,4,5,6,2,4,5,6,1,1,2,2,4,5,6],[14,15,0,16,0,0,0,1,2,0,0,0,0,0,17,18,19,20,3,5,3,5,0,0,0,1,2,0,6,0,0,0,1,2,0,21,22,4,23,0,0,1,2,0,0,1,2,0,0,1,2,0,0,1,2,3,3,6,0,0,1,2]],[[[11,"LoseSudoku",".mp3",1.296],-1],0,0,[],[],[]],[[[21,"frameNode"],[22,"frameNode",33554432,[[26,-2,[16,"fcSRf29FRDeYxjvpRKXCGk"],[5,55.5,55.5]],[27,0,-3,[16,"48aACO/fRGQKlKVZ98GkzV"],[4,1845016777],0]],[28,"82uXacnB9JX6TxkkEBvDNL",null,null,null,-1,0]]],0,[0,9,1,0,0,1,0,0,1,0,10,1,3],[0],[1],[4]],[[[11,"Tada-sound",".mp3",2.56],-1],0,0,[],[],[]],[[[11,"selectNode",".mp3",0.12],-1],0,0,[],[],[]],[[[11,"game-start",".mp3",2.88],-1],0,0,[],[],[]],[[{"name":"default_radio_button_off","rect":{"x":3,"y":3,"width":26,"height":26},"offset":{"x":0,"y":0},"originalSize":{"width":32,"height":32},"rotated":false,"capInsets":[13,13,13,13],"vertices":{"rawPosition":[-13,-13,0,13,-13,0,-13,13,0,13,13,0],"indexes":[0,1,2,2,1,3],"uv":[3,29,29,29,3,3,29,3],"nuv":[0.09375,0.09375,0.90625,0.09375,0.09375,0.90625,0.90625,0.90625],"minPos":{"x":-13,"y":-13,"z":0},"maxPos":{"x":13,"y":13,"z":0}},"packable":true,"pixelsToUnit":100,"pivot":{"x":0.5,"y":0.5},"meshType":0}],[0],0,[0],[3],[24]],[[{"name":"backgroundSudoku","rect":{"x":13,"y":13,"width":423,"height":423},"offset":{"x":-0.5,"y":0.5},"originalSize":{"width":450,"height":450},"rotated":false,"capInsets":[0,0,0,0],"vertices":{"rawPosition":[-211.5,-211.5,0,211.5,-211.5,0,-211.5,211.5,0,211.5,211.5,0],"indexes":[0,1,2,2,1,3],"uv":[13,437,436,437,13,14,436,14],"nuv":[0.028888888888888888,0.03111111111111111,0.9688888888888889,0.03111111111111111,0.028888888888888888,0.9711111111111111,0.9688888888888889,0.9711111111111111],"minPos":{"x":-211.5,"y":-211.5,"z":0},"maxPos":{"x":211.5,"y":211.5,"z":0}},"packable":true,"pixelsToUnit":100,"pivot":{"x":0.5,"y":0.5},"meshType":0}],[0],0,[0],[3],[25]],[[{"name":"BgStartGame","rect":{"x":0,"y":0,"width":463,"height":400},"offset":{"x":0,"y":0},"originalSize":{"width":463,"height":400},"rotated":false,"capInsets":[0,0,0,0],"vertices":{"rawPosition":[-231.5,-200,0,231.5,-200,0,-231.5,200,0,231.5,200,0],"indexes":[0,1,2,2,1,3],"uv":[0,400,463,400,0,0,463,0],"nuv":[0,0,1,0,0,1,1,1],"minPos":{"x":-231.5,"y":-200,"z":0},"maxPos":{"x":231.5,"y":200,"z":0}},"packable":true,"pixelsToUnit":100,"pivot":{"x":0.5,"y":0.5},"meshType":0}],[0],0,[0],[3],[26]]]]
